Timestamp,title,genres
10/25/2021 11:21:46,The Sopranos,Comedy
10/25/2021 11:22:46,Friday Night Lights,Adventure
10/25/2021 11:23:46,How I met your mother,Animation
10/25/2021 11:24:46,Family Guy,Action
10/25/2021 11:25:46,New Girl,Family
10/25/2021 11:26:46,The Office,Crime
10/25/2021 11:27:46,Friends,Drama
10/25/2021 11:28:46,Breaking Bad,Sport
10/25/2021 11:29:46,Moderin Family,Comedy
10/25/2021 11:30:46,The Office,Adventure
10/25/2021 11:31:46,Game of Thrones,Animation
10/25/2021 11:32:46,Cobra Kai,Action
10/25/2021 11:33:46,White Collar,Family
10/25/2021 11:34:46,White Collar,Crime
10/25/2021 11:35:46,White Collar,Drama
10/25/2021 11:36:46,White Collar,Sport
10/25/2021 11:37:46,White Collar,Comedy
10/25/2021 11:38:46,White Collar,Adventure
10/25/2021 11:39:46,White Collar,Animation
10/25/2021 11:40:46,White Collar,Action
10/25/2021 11:41:46,White Collar,Family
10/25/2021 11:42:46,White Collar,Crime
10/25/2021 11:43:46,White Collar,Drama
10/25/2021 11:44:46,White Collar,Sport
10/25/2021 11:45:46,White Collar,Comedy
10/25/2021 11:46:46,White Collar,Adventure
10/25/2021 11:47:46,White Collar,Animation
10/25/2021 11:48:46,White Collar,Action
10/25/2021 11:49:46,White Collar,Family
10/25/2021 11:50:46,White Collar,Crime
10/25/2021 11:51:46,White Collar,Drama
10/25/2021 11:52:46,White Collar,Sport
10/25/2021 11:53:46,White Collar,Comedy
10/25/2021 11:54:46,White Collar,Adventure
10/25/2021 11:55:46,White Collar,Animation
10/25/2021 11:56:46,White Collar,Action
10/25/2021 11:57:46,White Collar,Family
10/25/2021 11:58:46,White Collar,Crime
10/25/2021 11:59:46,White Collar,Drama
10/25/2021 12:00:46,White Collar,Sport
10/25/2021 12:01:46,White Collar,Comedy
10/25/2021 12:02:46,White Collar,Adventure
10/25/2021 12:03:46,White Collar,Animation
10/25/2021 12:04:46,White Collar,Action
10/25/2021 12:05:46,White Collar,Family
10/25/2021 12:06:46,White Collar,Crime
10/25/2021 12:07:46,White Collar,Drama
10/25/2021 12:08:46,White Collar,Sport
10/25/2021 12:09:46,White Collar,Comedy
10/25/2021 12:10:46,White Collar,Adventure
10/25/2021 12:11:46,White Collar,Animation
10/25/2021 12:12:46,White Collar,Action
10/25/2021 12:13:46,White Collar,Family
10/25/2021 12:14:46,White Collar,Crime
10/25/2021 12:15:46,White Collar,Drama
10/25/2021 12:16:46,White Collar,Sport
10/25/2021 12:17:46,White Collar,Comedy
10/25/2021 12:18:46,White Collar,Adventure
10/25/2021 12:19:46,White Collar,Animation
10/25/2021 12:20:46,White Collar,Action
10/25/2021 12:21:46,White Collar,Family
10/25/2021 12:22:46,White Collar,Crime
10/25/2021 12:23:46,White Collar,Drama
10/25/2021 12:24:46,White Collar,Sport
10/25/2021 12:25:46,White Collar,Comedy
10/25/2021 12:26:46,White Collar,Adventure
10/25/2021 12:27:46,White Collar,Animation
10/25/2021 12:28:46,White Collar,Action
10/25/2021 12:29:46,White Collar,Family
10/25/2021 12:30:46,White Collar,Crime
10/25/2021 12:31:46,White Collar,Drama
10/25/2021 12:32:46,White Collar,Sport
10/25/2021 12:33:46,White Collar,Comedy
10/25/2021 12:34:46,White Collar,Adventure
10/25/2021 12:35:46,White Collar,Animation
10/25/2021 12:36:46,White Collar,Action
10/25/2021 12:37:46,White Collar,Family
10/25/2021 12:38:46,White Collar,Crime
10/25/2021 12:39:46,White Collar,Drama
10/25/2021 12:40:46,White Collar,Sport
10/25/2021 12:41:46,White Collar,Comedy
10/25/2021 12:42:46,White Collar,Adventure
10/25/2021 12:43:46,White Collar,Animation
10/25/2021 12:44:46,White Collar,Action
10/25/2021 12:45:46,White Collar,Family
10/25/2021 12:46:46,White Collar,Crime
10/25/2021 12:47:46,White Collar,Drama
10/25/2021 12:48:46,White Collar,Sport
10/25/2021 12:49:46,White Collar,Comedy
10/25/2021 12:50:46,White Collar,Adventure
10/25/2021 12:51:46,White Collar,Animation
10/25/2021 12:52:46,White Collar,Action
10/25/2021 12:53:46,White Collar,Family
10/25/2021 12:54:46,White Collar,Crime
10/25/2021 12:55:46,White Collar,Drama
10/25/2021 12:56:46,White Collar,Sport
10/25/2021 12:57:46,White Collar,Comedy
10/25/2021 12:58:46,White Collar,Adventure
10/25/2021 12:59:46,White Collar,Animation
10/25/2021 13:00:46,White Collar,Action
10/25/2021 13:01:46,White Collar,Family
10/25/2021 13:02:46,White Collar,Crime
10/25/2021 13:03:46,White Collar,Drama
10/25/2021 13:04:46,White Collar,Sport
10/25/2021 13:05:46,White Collar,Comedy
10/25/2021 13:06:46,White Collar,Adventure
10/25/2021 13:07:46,White Collar,Animation
10/25/2021 13:08:46,White Collar,Action
10/25/2021 13:09:46,White Collar,Family
10/25/2021 13:10:46,White Collar,Crime
10/25/2021 13:11:46,White Collar,Drama
10/25/2021 13:12:46,White Collar,Sport
10/25/2021 13:13:46,White Collar,Comedy
10/25/2021 13:14:46,White Collar,Adventure
10/25/2021 13:15:46,White Collar,Animation
10/25/2021 13:16:46,White Collar,Action
10/25/2021 13:17:46,White Collar,Family
10/25/2021 13:18:46,White Collar,Crime
10/25/2021 13:19:46,White Collar,Drama
10/25/2021 13:20:46,White Collar,Sport
10/25/2021 13:21:46,White Collar,Comedy
10/25/2021 13:22:46,White Collar,Adventure
10/25/2021 13:23:46,White Collar,Animation
10/25/2021 13:24:46,White Collar,Action
10/25/2021 13:25:46,White Collar,Family
10/25/2021 13:26:46,White Collar,Crime
10/25/2021 13:27:46,White Collar,Drama
10/25/2021 13:28:46,White Collar,Sport
10/25/2021 13:29:46,White Collar,Comedy
10/25/2021 13:30:46,White Collar,Adventure
10/25/2021 13:31:46,White Collar,Animation
10/25/2021 13:32:46,White Collar,Action
10/25/2021 13:33:46,White Collar,Family
10/25/2021 13:34:46,White Collar,Crime
10/25/2021 13:35:46,White Collar,Drama
10/25/2021 13:36:46,White Collar,Sport
10/25/2021 13:37:46,White Collar,Comedy
10/25/2021 13:38:46,White Collar,Adventure
10/25/2021 13:39:46,White Collar,Animation
10/25/2021 13:40:46,White Collar,Action
10/25/2021 13:41:46,White Collar,Family
10/25/2021 13:42:46,White Collar,Crime
10/25/2021 13:43:46,White Collar,Drama
10/25/2021 13:44:46,White Collar,Sport
10/25/2021 13:45:46,White Collar,Comedy
10/25/2021 13:46:46,White Collar,Adventure
10/25/2021 13:47:46,White Collar,Animation
10/25/2021 13:48:46,White Collar,Action
10/25/2021 13:49:46,White Collar,Family
10/25/2021 13:50:46,White Collar,Crime
10/25/2021 13:51:46,White Collar,Drama
10/25/2021 13:52:46,White Collar,Sport
10/25/2021 13:53:46,White Collar,Comedy
10/25/2021 13:54:46,White Collar,Adventure
10/25/2021 13:55:46,White Collar,Animation
10/25/2021 13:56:46,White Collar,Action
10/25/2021 13:57:46,White Collar,Family
10/25/2021 13:58:46,White Collar,Crime
10/25/2021 13:59:46,White Collar,Drama
10/25/2021 14:00:46,White Collar,Sport
10/25/2021 14:01:46,White Collar,Comedy
10/25/2021 14:02:46,White Collar,Adventure
10/25/2021 14:03:46,White Collar,Animation
10/25/2021 14:04:46,White Collar,Action
10/25/2021 14:05:46,White Collar,Family
10/25/2021 14:06:46,White Collar,Crime
10/25/2021 14:07:46,White Collar,Drama
10/25/2021 14:08:46,White Collar,Sport
10/25/2021 14:09:46,White Collar,Comedy
10/25/2021 14:10:46,White Collar,Adventure
10/25/2021 14:11:46,White Collar,Animation
10/25/2021 14:12:46,White Collar,Action
10/25/2021 14:13:46,White Collar,Family
10/25/2021 14:14:46,White Collar,Crime
10/25/2021 14:15:46,White Collar,Drama
10/25/2021 14:16:46,White Collar,Sport
10/25/2021 14:17:46,White Collar,Comedy
10/25/2021 14:18:46,White Collar,Adventure
10/25/2021 14:19:46,White Collar,Animation
10/25/2021 14:20:46,White Collar,Action
10/25/2021 14:21:46,White Collar,Family
10/25/2021 14:22:46,White Collar,Crime
10/25/2021 14:23:46,White Collar,Drama
10/25/2021 14:24:46,White Collar,Sport
10/25/2021 14:25:46,White Collar,Comedy
10/25/2021 14:26:46,White Collar,Adventure
10/25/2021 14:27:46,White Collar,Animation
10/25/2021 14:28:46,White Collar,Action
10/25/2021 14:29:46,White Collar,Family
10/25/2021 14:30:46,White Collar,Crime
10/25/2021 14:31:46,White Collar,Drama
10/25/2021 14:32:46,White Collar,Sport
10/25/2021 14:33:46,White Collar,Comedy
10/25/2021 14:34:46,White Collar,Adventure
10/25/2021 14:35:46,White Collar,Animation
10/25/2021 14:36:46,White Collar,Action
10/25/2021 14:37:46,White Collar,Family
10/25/2021 14:38:46,White Collar,Crime
10/25/2021 14:39:46,White Collar,Drama
10/25/2021 14:40:46,White Collar,Sport
10/25/2021 14:41:46,The Sopranos,Comedy
10/25/2021 14:42:46,Friday Night Lights,Adventure
10/25/2021 14:43:46,How I met your mother,Animation
10/25/2021 14:44:46,Family Guy,Action
10/25/2021 14:45:46,New Girl,Family
10/25/2021 14:46:46,The Office,Crime
10/25/2021 14:47:46,Friends,Drama
10/25/2021 14:48:46,Breaking Bad,Sport
10/25/2021 14:49:46,Moderin Family,Comedy
10/25/2021 14:50:46,The Office,Adventure
10/25/2021 14:51:46,Game of Thrones,Animation
10/25/2021 14:52:46,Cobra Kai,Action
10/25/2021 14:53:46,The Sopranos,Family
10/25/2021 14:54:46,Friday Night Lights,Crime
10/25/2021 14:55:46,How I met your mother,Drama
10/25/2021 14:56:46,Family Guy,Sport
10/25/2021 14:57:46,New Girl,Comedy
10/25/2021 14:58:46,The Office,Adventure
10/25/2021 14:59:46,Friends,Animation
10/25/2021 15:00:46,Breaking Bad,Action
10/25/2021 15:01:46,Moderin Family,Family
10/25/2021 15:02:46,The Office,Crime
10/25/2021 15:03:46,Game of Thrones,Drama
10/25/2021 15:04:46,Cobra Kai,Sport
10/25/2021 15:05:46,The Sopranos,Comedy
10/25/2021 15:06:46,Friday Night Lights,Adventure
10/25/2021 15:07:46,How I met your mother,Animation
10/25/2021 15:08:46,Family Guy,Action
10/25/2021 15:09:46,New Girl,Family
10/25/2021 15:10:46,The Office,Crime
10/25/2021 15:11:46,Friends,Drama
10/25/2021 15:12:46,Breaking Bad,Sport
10/25/2021 15:13:46,Moderin Family,Comedy
10/25/2021 15:14:46,The Office,Adventure
10/25/2021 15:15:46,Game of Thrones,Animation
10/25/2021 15:16:46,Cobra Kai,Action
10/25/2021 15:17:46,The Sopranos,Family
10/25/2021 15:18:46,Friday Night Lights,Crime
10/25/2021 15:19:46,How I met your mother,Drama
10/25/2021 15:20:46,Family Guy,Sport
10/25/2021 15:21:46,New Girl,Comedy
10/25/2021 15:22:46,The Office,Adventure
10/25/2021 15:23:46,Friends,Animation
10/25/2021 15:24:46,Breaking Bad,Action
10/25/2021 15:25:46,Moderin Family,Family
10/25/2021 15:26:46,The Office,Crime
10/25/2021 15:27:46,Game of Thrones,Drama
10/25/2021 15:28:46,Cobra Kai,Sport
10/25/2021 15:29:46,The Sopranos,Comedy
10/25/2021 15:30:46,Friday Night Lights,Adventure
10/25/2021 15:31:46,How I met your mother,Animation
10/25/2021 15:32:46,Family Guy,Action
10/25/2021 15:33:46,New Girl,Family
10/25/2021 15:34:46,The Office,Crime
10/25/2021 15:35:46,Friends,Drama
10/25/2021 15:36:46,Breaking Bad,Sport
10/25/2021 15:37:46,Moderin Family,Comedy
10/25/2021 15:38:46,The Office,Adventure
10/25/2021 15:39:46,Game of Thrones,Animation
10/25/2021 15:40:46,Cobra Kai,Action
10/25/2021 15:41:46,The Sopranos,Family
10/25/2021 15:42:46,Friday Night Lights,Crime
10/25/2021 15:43:46,How I met your mother,Drama
10/25/2021 15:44:46,Family Guy,Sport
10/25/2021 15:45:46,New Girl,Comedy
10/25/2021 15:46:46,The Office,Adventure
10/25/2021 15:47:46,Friends,Animation
10/25/2021 15:48:46,Breaking Bad,Action
10/25/2021 15:49:46,Moderin Family,Family
10/25/2021 15:50:46,The Office,Crime
10/25/2021 15:51:46,Game of Thrones,Drama
10/25/2021 15:52:46,Cobra Kai,Sport
10/25/2021 15:53:46,The Sopranos,Comedy
10/25/2021 15:54:46,Friday Night Lights,Adventure
10/25/2021 15:55:46,How I met your mother,Animation
10/25/2021 15:56:46,Family Guy,Action
10/25/2021 15:57:46,New Girl,Family
10/25/2021 15:58:46,The Office,Crime
10/25/2021 15:59:46,Friends,Drama
10/25/2021 16:00:46,Breaking Bad,Sport
10/25/2021 16:01:46,Moderin Family,Comedy
10/25/2021 16:02:46,The Office,Adventure
10/25/2021 16:03:46,Game of Thrones,Animation
10/25/2021 16:04:46,Cobra Kai,Action
10/25/2021 16:05:46,The Sopranos,Family
10/25/2021 16:06:46,Friday Night Lights,Crime
10/25/2021 16:07:46,How I met your mother,Drama
10/25/2021 16:08:46,Family Guy,Sport
10/25/2021 16:09:46,New Girl,Comedy
10/25/2021 16:10:46,The Office,Adventure
10/25/2021 16:11:46,Friends,Animation
10/25/2021 16:12:46,Breaking Bad,Action
10/25/2021 16:13:46,Moderin Family,Family
10/25/2021 16:14:46,The Office,Crime
10/25/2021 16:15:46,Game of Thrones,Drama
10/25/2021 16:16:46,Cobra Kai,Sport
10/25/2021 16:17:46,The Sopranos,Comedy
10/25/2021 16:18:46,Friday Night Lights,Adventure
10/25/2021 16:19:46,How I met your mother,Animation
10/25/2021 16:20:46,Family Guy,Action
10/25/2021 16:21:46,New Girl,Family
10/25/2021 16:22:46,The Office,Crime
10/25/2021 16:23:46,Friends,Drama
10/25/2021 16:24:46,Breaking Bad,Sport
10/25/2021 16:25:46,Moderin Family,Comedy
10/25/2021 16:26:46,The Office,Adventure
10/25/2021 16:27:46,Game of Thrones,Animation
10/25/2021 16:28:46,Cobra Kai,Action
10/25/2021 16:29:46,The Sopranos,Family
10/25/2021 16:30:46,Friday Night Lights,Crime
10/25/2021 16:31:46,How I met your mother,Drama
10/25/2021 16:32:46,Family Guy,Sport
10/25/2021 16:33:46,New Girl,Comedy
10/25/2021 16:34:46,The Office,Adventure
10/25/2021 16:35:46,Friends,Animation
10/25/2021 16:36:46,Breaking Bad,Action
10/25/2021 16:37:46,Moderin Family,Family
10/25/2021 16:38:46,The Office,Crime
10/25/2021 16:39:46,Game of Thrones,Drama
10/25/2021 16:40:46,Cobra Kai,Sport
10/25/2021 16:41:46,The Sopranos,Comedy
10/25/2021 16:42:46,Friday Night Lights,Adventure
10/25/2021 16:43:46,How I met your mother,Animation
10/25/2021 16:44:46,Family Guy,Action
10/25/2021 16:45:46,New Girl,Family
10/25/2021 16:46:46,The Office,Crime
10/25/2021 16:47:46,Friends,Drama
10/25/2021 16:48:46,Breaking Bad,Sport
10/25/2021 16:49:46,Moderin Family,Comedy
10/25/2021 16:50:46,The Office,Adventure
10/25/2021 16:51:46,Game of Thrones,Animation
10/25/2021 16:52:46,Cobra Kai,Action
10/25/2021 16:53:46,The Sopranos,Family
10/25/2021 16:54:46,Friday Night Lights,Crime
10/25/2021 16:55:46,How I met your mother,Drama
10/25/2021 16:56:46,Family Guy,Sport
10/25/2021 16:57:46,New Girl,Comedy
10/25/2021 16:58:46,The Office,Adventure
10/25/2021 16:59:46,Friends,Animation
10/25/2021 17:00:46,Breaking Bad,Action
10/25/2021 17:01:46,Moderin Family,Family
10/25/2021 17:02:46,The Office,Crime
10/25/2021 17:03:46,Game of Thrones,Drama
10/25/2021 17:04:46,Cobra Kai,Sport
10/25/2021 17:05:46,The Sopranos,Comedy
10/25/2021 17:06:46,Friday Night Lights,Adventure
10/25/2021 17:07:46,How I met your mother,Animation
10/25/2021 17:08:46,Family Guy,Action
10/25/2021 17:09:46,New Girl,Family
10/25/2021 17:10:46,The Office,Crime
10/25/2021 17:11:46,Friends,Drama
10/25/2021 17:12:46,Breaking Bad,Sport
10/25/2021 17:13:46,Moderin Family,Comedy
10/25/2021 17:14:46,The Office,Adventure
10/25/2021 17:15:46,Game of Thrones,Animation
10/25/2021 17:16:46,Cobra Kai,Action
10/25/2021 17:17:46,The Sopranos,Family
10/25/2021 17:18:46,Friday Night Lights,Crime
10/25/2021 17:19:46,How I met your mother,Drama
10/25/2021 17:20:46,Family Guy,Sport
10/25/2021 17:21:46,New Girl,Comedy
10/25/2021 17:22:46,The Office,Adventure
10/25/2021 17:23:46,Friends,Animation
10/25/2021 17:24:46,Breaking Bad,Action
10/25/2021 17:25:46,Moderin Family,Family
10/25/2021 17:26:46,The Office,Crime
10/25/2021 17:27:46,Game of Thrones,Drama
10/25/2021 17:28:46,Cobra Kai,Sport
10/25/2021 17:29:46,The Sopranos,Comedy
10/25/2021 17:30:46,Friday Night Lights,Adventure
10/25/2021 17:31:46,How I met your mother,Animation
10/25/2021 17:32:46,Family Guy,Action
10/25/2021 17:33:46,New Girl,Family
10/25/2021 17:34:46,The Office,Crime
10/25/2021 17:35:46,Friends,Drama
10/25/2021 17:36:46,Breaking Bad,Sport
10/25/2021 17:37:46,Moderin Family,Comedy
10/25/2021 17:38:46,The Office,Adventure
10/25/2021 17:39:46,Game of Thrones,Animation
10/25/2021 17:40:46,Cobra Kai,Action
10/25/2021 17:41:46,The Sopranos,Family
10/25/2021 17:42:46,Friday Night Lights,Crime
10/25/2021 17:43:46,How I met your mother,Drama
10/25/2021 17:44:46,Family Guy,Sport
10/25/2021 17:45:46,New Girl,Comedy
10/25/2021 17:46:46,The Office,Adventure
10/25/2021 17:47:46,Friends,Animation
10/25/2021 17:48:46,Breaking Bad,Action
10/25/2021 17:49:46,Moderin Family,Family
10/25/2021 17:50:46,The Office,Crime
10/25/2021 17:51:46,Game of Thrones,Drama
10/25/2021 17:52:46,Cobra Kai,Sport
10/25/2021 17:53:46,The Sopranos,Comedy
10/25/2021 17:54:46,Friday Night Lights,Adventure
10/25/2021 17:55:46,How I met your mother,Animation
10/25/2021 17:56:46,Family Guy,Action
10/25/2021 17:57:46,New Girl,Family
10/25/2021 17:58:46,The Office,Crime
10/25/2021 17:59:46,Friends,Drama
10/25/2021 18:00:46,Breaking Bad,Sport
10/25/2021 18:01:46,Moderin Family,Comedy
10/25/2021 18:02:46,The Office,Adventure
10/25/2021 18:03:46,Game of Thrones,Animation
10/25/2021 18:04:46,Cobra Kai,Action
10/25/2021 18:05:46,White Collar,Family
10/25/2021 18:06:46,White Collar,Crime
10/25/2021 18:07:46,White Collar,Drama
10/25/2021 18:08:46,White Collar,Sport
10/25/2021 18:09:46,White Collar,Comedy
10/25/2021 18:10:46,White Collar,Adventure
10/25/2021 18:11:46,White Collar,Animation
10/25/2021 18:12:46,White Collar,Action
10/25/2021 18:13:46,White Collar,Family
10/25/2021 18:14:46,White Collar,Crime
10/25/2021 18:15:46,White Collar,Drama
10/25/2021 18:16:46,White Collar,Sport
10/25/2021 18:17:46,White Collar,Comedy
10/25/2021 18:18:46,White Collar,Adventure
10/25/2021 18:19:46,White Collar,Animation
10/25/2021 18:20:46,White Collar,Action
10/25/2021 18:21:46,White Collar,Family
10/25/2021 18:22:46,White Collar,Crime
10/25/2021 18:23:46,White Collar,Drama
10/25/2021 18:24:46,White Collar,Sport
10/25/2021 18:25:46,White Collar,Comedy
10/25/2021 18:26:46,White Collar,Adventure
10/25/2021 18:27:46,White Collar,Animation
10/25/2021 18:28:46,White Collar,Action
10/25/2021 18:29:46,White Collar,Family
10/25/2021 18:30:46,White Collar,Crime
10/25/2021 18:31:46,White Collar,Drama
10/25/2021 18:32:46,White Collar,Sport
10/25/2021 18:33:46,White Collar,Comedy
10/25/2021 18:34:46,White Collar,Adventure
10/25/2021 18:35:46,White Collar,Animation
10/25/2021 18:36:46,White Collar,Action
10/25/2021 18:37:46,White Collar,Family
10/25/2021 18:38:46,White Collar,Crime
10/25/2021 18:39:46,White Collar,Drama
10/25/2021 18:40:46,White Collar,Sport
10/25/2021 18:41:46,White Collar,Comedy
10/25/2021 18:42:46,White Collar,Adventure
10/25/2021 18:43:46,White Collar,Animation
10/25/2021 18:44:46,White Collar,Action
10/25/2021 18:45:46,White Collar,Family
10/25/2021 18:46:46,White Collar,Crime
10/25/2021 18:47:46,White Collar,Drama
10/25/2021 18:48:46,White Collar,Sport
10/25/2021 18:49:46,White Collar,Comedy
10/25/2021 18:50:46,White Collar,Adventure
10/25/2021 18:51:46,White Collar,Animation
10/25/2021 18:52:46,White Collar,Action
10/25/2021 18:53:46,White Collar,Family
10/25/2021 18:54:46,White Collar,Crime
10/25/2021 18:55:46,White Collar,Drama
10/25/2021 18:56:46,White Collar,Sport
10/25/2021 18:57:46,White Collar,Comedy
10/25/2021 18:58:46,White Collar,Adventure
10/25/2021 18:59:46,White Collar,Animation
10/25/2021 19:00:46,White Collar,Action
10/25/2021 19:01:46,White Collar,Family
10/25/2021 19:02:46,White Collar,Crime
10/25/2021 19:03:46,White Collar,Drama
10/25/2021 19:04:46,White Collar,Sport
10/25/2021 19:05:46,White Collar,Comedy
10/25/2021 19:06:46,White Collar,Adventure
10/25/2021 19:07:46,White Collar,Animation
10/25/2021 19:08:46,White Collar,Action
10/25/2021 19:09:46,White Collar,Family
10/25/2021 19:10:46,White Collar,Crime
10/25/2021 19:11:46,White Collar,Drama
10/25/2021 19:12:46,White Collar,Sport
10/25/2021 19:13:46,White Collar,Comedy
10/25/2021 19:14:46,White Collar,Adventure
10/25/2021 19:15:46,White Collar,Animation
10/25/2021 19:16:46,White Collar,Action
10/25/2021 19:17:46,White Collar,Family
10/25/2021 19:18:46,White Collar,Crime
10/25/2021 19:19:46,White Collar,Drama
10/25/2021 19:20:46,White Collar,Sport
10/25/2021 19:21:46,White Collar,Comedy
10/25/2021 19:22:46,White Collar,Adventure
10/25/2021 19:23:46,White Collar,Animation
10/25/2021 19:24:46,White Collar,Action
10/25/2021 19:25:46,White Collar,Family
10/25/2021 19:26:46,White Collar,Crime
10/25/2021 19:27:46,White Collar,Drama
10/25/2021 19:28:46,White Collar,Sport
10/25/2021 19:29:46,White Collar,Comedy
10/25/2021 19:30:46,White Collar,Adventure
10/25/2021 19:31:46,White Collar,Animation
10/25/2021 19:32:46,White Collar,Action
10/25/2021 19:33:46,White Collar,Family
10/25/2021 19:34:46,White Collar,Crime
10/25/2021 19:35:46,White Collar,Drama
10/25/2021 19:36:46,White Collar,Sport
10/25/2021 19:37:46,White Collar,Comedy
10/25/2021 19:38:46,White Collar,Adventure
10/25/2021 19:39:46,White Collar,Animation
10/25/2021 19:40:46,White Collar,Action
10/25/2021 19:41:46,White Collar,Family
10/25/2021 19:42:46,White Collar,Crime
10/25/2021 19:43:46,White Collar,Drama
10/25/2021 19:44:46,White Collar,Sport
10/25/2021 19:45:46,White Collar,Comedy
10/25/2021 19:46:46,White Collar,Adventure
10/25/2021 19:47:46,White Collar,Animation
10/25/2021 19:48:46,White Collar,Action
10/25/2021 19:49:46,White Collar,Family
10/25/2021 19:50:46,White Collar,Crime
10/25/2021 19:51:46,White Collar,Drama
10/25/2021 19:52:46,White Collar,Sport
10/25/2021 19:53:46,White Collar,Comedy
10/25/2021 19:54:46,White Collar,Adventure
10/25/2021 19:55:46,White Collar,Animation
10/25/2021 19:56:46,White Collar,Action
10/25/2021 19:57:46,White Collar,Family
10/25/2021 19:58:46,White Collar,Crime
10/25/2021 19:59:46,White Collar,Drama
10/25/2021 20:00:46,White Collar,Sport
10/25/2021 20:01:46,White Collar,Comedy
10/25/2021 20:02:46,White Collar,Adventure
10/25/2021 20:03:46,White Collar,Animation
10/25/2021 20:04:46,White Collar,Action
10/25/2021 20:05:46,White Collar,Family
10/25/2021 20:06:46,White Collar,Crime
10/25/2021 20:07:46,White Collar,Drama
10/25/2021 20:08:46,White Collar,Sport
10/25/2021 20:09:46,White Collar,Comedy
10/25/2021 20:10:46,White Collar,Adventure
10/25/2021 20:11:46,White Collar,Animation
10/25/2021 20:12:46,White Collar,Action
10/25/2021 20:13:46,White Collar,Family
10/25/2021 20:14:46,White Collar,Crime
10/25/2021 20:15:46,White Collar,Drama
10/25/2021 20:16:46,White Collar,Sport
10/25/2021 20:17:46,White Collar,Comedy
10/25/2021 20:18:46,White Collar,Adventure
10/25/2021 20:19:46,White Collar,Animation
10/25/2021 20:20:46,White Collar,Action
10/25/2021 20:21:46,White Collar,Family
10/25/2021 20:22:46,White Collar,Crime
10/25/2021 20:23:46,White Collar,Drama
10/25/2021 20:24:46,White Collar,Sport
10/25/2021 20:25:46,White Collar,Comedy
10/25/2021 20:26:46,White Collar,Adventure
10/25/2021 20:27:46,White Collar,Animation
10/25/2021 20:28:46,White Collar,Action
10/25/2021 20:29:46,White Collar,Family
10/25/2021 20:30:46,White Collar,Crime
10/25/2021 20:31:46,White Collar,Drama
10/25/2021 20:32:46,White Collar,Sport
10/25/2021 20:33:46,White Collar,Comedy
10/25/2021 20:34:46,White Collar,Adventure
10/25/2021 20:35:46,White Collar,Animation
10/25/2021 20:36:46,White Collar,Action
10/25/2021 20:37:46,White Collar,Family
10/25/2021 20:38:46,White Collar,Crime
10/25/2021 20:39:46,White Collar,Drama
10/25/2021 20:40:46,White Collar,Sport
10/25/2021 20:41:46,White Collar,Comedy
10/25/2021 20:42:46,White Collar,Adventure
10/25/2021 20:43:46,White Collar,Animation
10/25/2021 20:44:46,White Collar,Action
10/25/2021 20:45:46,White Collar,Family
10/25/2021 20:46:46,White Collar,Crime
10/25/2021 20:47:46,White Collar,Drama
10/25/2021 20:48:46,White Collar,Sport
10/25/2021 20:49:46,White Collar,Comedy
10/25/2021 20:50:46,White Collar,Adventure
10/25/2021 20:51:46,White Collar,Animation
10/25/2021 20:52:46,White Collar,Action
10/25/2021 20:53:46,White Collar,Family
10/25/2021 20:54:46,White Collar,Crime
10/25/2021 20:55:46,White Collar,Drama
10/25/2021 20:56:46,White Collar,Sport
10/25/2021 20:57:46,White Collar,Comedy
10/25/2021 20:58:46,White Collar,Adventure
10/25/2021 20:59:46,White Collar,Animation
10/25/2021 21:00:46,White Collar,Action
10/25/2021 21:01:46,White Collar,Family
10/25/2021 21:02:46,White Collar,Crime
10/25/2021 21:03:46,White Collar,Drama
10/25/2021 21:04:46,White Collar,Sport
10/25/2021 21:05:46,White Collar,Comedy
10/25/2021 21:06:46,White Collar,Adventure
10/25/2021 21:07:46,White Collar,Animation
10/25/2021 21:08:46,White Collar,Action
10/25/2021 21:09:46,White Collar,Family
10/25/2021 21:10:46,White Collar,Crime
10/25/2021 21:11:46,White Collar,Drama
10/25/2021 21:12:46,White Collar,Sport
10/25/2021 21:13:46,The Sopranos,Comedy
10/25/2021 21:14:46,Friday Night Lights,Adventure
10/25/2021 21:15:46,How I met your mother,Animation
10/25/2021 21:16:46,Family Guy,Action
10/25/2021 21:17:46,New Girl,Family
10/25/2021 21:18:46,The Office,Crime
10/25/2021 21:19:46,Friends,Drama
10/25/2021 21:20:46,Breaking Bad,Sport
10/25/2021 21:21:46,Moderin Family,Comedy
10/25/2021 21:22:46,The Office,Adventure
10/25/2021 21:23:46,Game of Thrones,Animation
10/25/2021 21:24:46,Cobra Kai,Action
10/25/2021 21:25:46,The Sopranos,Family
10/25/2021 21:26:46,Friday Night Lights,Crime
10/25/2021 21:27:46,How I met your mother,Drama
10/25/2021 21:28:46,Family Guy,Sport
10/25/2021 21:29:46,New Girl,Comedy
10/25/2021 21:30:46,The Office,Adventure
10/25/2021 21:31:46,Friends,Animation
10/25/2021 21:32:46,Breaking Bad,Action
10/25/2021 21:33:46,Moderin Family,Family
10/25/2021 21:34:46,The Office,Crime
10/25/2021 21:35:46,Game of Thrones,Drama
10/25/2021 21:36:46,Cobra Kai,Sport
10/25/2021 21:37:46,The Sopranos,Comedy
10/25/2021 21:38:46,Friday Night Lights,Adventure
10/25/2021 21:39:46,How I met your mother,Animation
10/25/2021 21:40:46,Family Guy,Action
10/25/2021 21:41:46,New Girl,Family
10/25/2021 21:42:46,The Office,Crime
10/25/2021 21:43:46,Friends,Drama
10/25/2021 21:44:46,Breaking Bad,Sport
10/25/2021 21:45:46,Moderin Family,Comedy
10/25/2021 21:46:46,The Office,Adventure
10/25/2021 21:47:46,Game of Thrones,Animation
10/25/2021 21:48:46,Cobra Kai,Action
10/25/2021 21:49:46,The Sopranos,Family
10/25/2021 21:50:46,Friday Night Lights,Crime
10/25/2021 21:51:46,How I met your mother,Drama
10/25/2021 21:52:46,Family Guy,Sport
10/25/2021 21:53:46,New Girl,Comedy
10/25/2021 21:54:46,The Office,Adventure
10/25/2021 21:55:46,Friends,Animation
10/25/2021 21:56:46,Breaking Bad,Action
10/25/2021 21:57:46,Moderin Family,Family
10/25/2021 21:58:46,The Office,Crime
10/25/2021 21:59:46,Game of Thrones,Drama
10/25/2021 22:00:46,Cobra Kai,Sport
10/25/2021 22:01:46,The Sopranos,Comedy
10/25/2021 22:02:46,Friday Night Lights,Adventure
10/25/2021 22:03:46,How I met your mother,Animation
10/25/2021 22:04:46,Family Guy,Action
10/25/2021 22:05:46,New Girl,Family
10/25/2021 22:06:46,The Office,Crime
10/25/2021 22:07:46,Friends,Drama
10/25/2021 22:08:46,Breaking Bad,Sport
10/25/2021 22:09:46,Moderin Family,Comedy
10/25/2021 22:10:46,The Office,Adventure
10/25/2021 22:11:46,Game of Thrones,Animation
10/25/2021 22:12:46,Cobra Kai,Action
10/25/2021 22:13:46,The Sopranos,Family
10/25/2021 22:14:46,Friday Night Lights,Crime
10/25/2021 22:15:46,How I met your mother,Drama
10/25/2021 22:16:46,Family Guy,Sport
10/25/2021 22:17:46,New Girl,Comedy
10/25/2021 22:18:46,The Office,Adventure
10/25/2021 22:19:46,Friends,Animation
10/25/2021 22:20:46,Breaking Bad,Action
10/25/2021 22:21:46,Moderin Family,Family
10/25/2021 22:22:46,The Office,Crime
10/25/2021 22:23:46,Game of Thrones,Drama
10/25/2021 22:24:46,Cobra Kai,Sport
10/25/2021 22:25:46,The Sopranos,Comedy
10/25/2021 22:26:46,Friday Night Lights,Adventure
10/25/2021 22:27:46,How I met your mother,Animation
10/25/2021 22:28:46,Family Guy,Action
10/25/2021 22:29:46,New Girl,Family
10/25/2021 22:30:46,The Office,Crime
10/25/2021 22:31:46,Friends,Drama
10/25/2021 22:32:46,Breaking Bad,Sport
10/25/2021 22:33:46,Moderin Family,Comedy
10/25/2021 22:34:46,The Office,Adventure
10/25/2021 22:35:46,Game of Thrones,Animation
10/25/2021 22:36:46,Cobra Kai,Action
10/25/2021 22:37:46,The Sopranos,Family
10/25/2021 22:38:46,Friday Night Lights,Crime
10/25/2021 22:39:46,How I met your mother,Drama
10/25/2021 22:40:46,Family Guy,Sport
10/25/2021 22:41:46,New Girl,Comedy
10/25/2021 22:42:46,The Office,Adventure
10/25/2021 22:43:46,Friends,Animation
10/25/2021 22:44:46,Breaking Bad,Action
10/25/2021 22:45:46,Moderin Family,Family
10/25/2021 22:46:46,The Office,Crime
10/25/2021 22:47:46,Game of Thrones,Drama
10/25/2021 22:48:46,Cobra Kai,Sport
10/25/2021 22:49:46,The Sopranos,Comedy
10/25/2021 22:50:46,Friday Night Lights,Adventure
10/25/2021 22:51:46,How I met your mother,Animation
10/25/2021 22:52:46,Family Guy,Action
10/25/2021 22:53:46,New Girl,Family
10/25/2021 22:54:46,The Office,Crime
10/25/2021 22:55:46,Friends,Drama
10/25/2021 22:56:46,Breaking Bad,Sport
10/25/2021 22:57:46,Moderin Family,Comedy
10/25/2021 22:58:46,The Office,Adventure
10/25/2021 22:59:46,Game of Thrones,Animation
10/25/2021 23:00:46,Cobra Kai,Action
10/25/2021 23:01:46,The Sopranos,Family
10/25/2021 23:02:46,Friday Night Lights,Crime
10/25/2021 23:03:46,How I met your mother,Drama
10/25/2021 23:04:46,Family Guy,Sport
10/25/2021 23:05:46,New Girl,Comedy
10/25/2021 23:06:46,The Office,Adventure
10/25/2021 23:07:46,Friends,Animation
10/25/2021 23:08:46,Breaking Bad,Action
10/25/2021 23:09:46,Moderin Family,Family
10/25/2021 23:10:46,The Office,Crime
10/25/2021 23:11:46,Game of Thrones,Drama
10/25/2021 23:12:46,Cobra Kai,Sport
10/25/2021 23:13:46,The Sopranos,Comedy
10/25/2021 23:14:46,Friday Night Lights,Adventure
10/25/2021 23:15:46,How I met your mother,Animation
10/25/2021 23:16:46,Family Guy,Action
10/25/2021 23:17:46,New Girl,Family
10/25/2021 23:18:46,The Office,Crime
10/25/2021 23:19:46,Friends,Drama
10/25/2021 23:20:46,Breaking Bad,Sport
10/25/2021 23:21:46,Moderin Family,Comedy
10/25/2021 23:22:46,The Office,Adventure
10/25/2021 23:23:46,Game of Thrones,Animation
10/25/2021 23:24:46,Cobra Kai,Action
10/25/2021 23:25:46,The Sopranos,Family
10/25/2021 23:26:46,Friday Night Lights,Crime
10/25/2021 23:27:46,How I met your mother,Drama
10/25/2021 23:28:46,Family Guy,Sport
10/25/2021 23:29:46,New Girl,Comedy
10/25/2021 23:30:46,The Office,Adventure
10/25/2021 23:31:46,Friends,Animation
10/25/2021 23:32:46,Breaking Bad,Action
10/25/2021 23:33:46,Moderin Family,Family
10/25/2021 23:34:46,The Office,Crime
10/25/2021 23:35:46,Game of Thrones,Drama
10/25/2021 23:36:46,Cobra Kai,Sport
10/25/2021 23:37:46,The Sopranos,Comedy
10/25/2021 23:38:46,Friday Night Lights,Adventure
10/25/2021 23:39:46,How I met your mother,Animation
10/25/2021 23:40:46,Family Guy,Action
10/25/2021 23:41:46,New Girl,Family
10/25/2021 23:42:46,The Office,Crime
10/25/2021 23:43:46,Friends,Drama
10/25/2021 23:44:46,Breaking Bad,Sport
10/25/2021 23:45:46,Moderin Family,Comedy
10/25/2021 23:46:46,The Office,Adventure
10/25/2021 23:47:46,Game of Thrones,Animation
10/25/2021 23:48:46,Cobra Kai,Action
10/25/2021 23:49:46,The Sopranos,Family
10/25/2021 23:50:46,Friday Night Lights,Crime
10/25/2021 23:51:46,How I met your mother,Drama
10/25/2021 23:52:46,Family Guy,Sport
10/25/2021 23:53:46,New Girl,Comedy
10/25/2021 23:54:46,The Office,Adventure
10/25/2021 23:55:46,Friends,Animation
10/25/2021 23:56:46,Breaking Bad,Action
10/25/2021 23:57:46,Moderin Family,Family
10/25/2021 23:58:46,The Office,Crime
10/25/2021 23:59:46,Game of Thrones,Drama
10/26/2021 0:00:46,Cobra Kai,Sport
10/26/2021 0:01:46,The Sopranos,Comedy
10/26/2021 0:02:46,Friday Night Lights,Adventure
10/26/2021 0:03:46,How I met your mother,Animation
10/26/2021 0:04:46,Family Guy,Action
10/26/2021 0:05:46,New Girl,Family
10/26/2021 0:06:46,The Office,Crime
10/26/2021 0:07:46,Friends,Drama
10/26/2021 0:08:46,Breaking Bad,Sport
10/26/2021 0:09:46,Moderin Family,Comedy
10/26/2021 0:10:46,The Office,Adventure
10/26/2021 0:11:46,Game of Thrones,Animation
10/26/2021 0:12:46,Cobra Kai,Action
10/26/2021 0:13:46,The Sopranos,Family
10/26/2021 0:14:46,Friday Night Lights,Crime
10/26/2021 0:15:46,How I met your mother,Drama
10/26/2021 0:16:46,Family Guy,Sport
10/26/2021 0:17:46,New Girl,Comedy
10/26/2021 0:18:46,The Office,Adventure
10/26/2021 0:19:46,Friends,Animation
10/26/2021 0:20:46,Breaking Bad,Action
10/26/2021 0:21:46,Moderin Family,Family
10/26/2021 0:22:46,The Office,Crime
10/26/2021 0:23:46,Game of Thrones,Drama
10/26/2021 0:24:46,Cobra Kai,Sport
10/26/2021 0:25:46,The Sopranos,Comedy
10/26/2021 0:26:46,Friday Night Lights,Adventure
10/26/2021 0:27:46,How I met your mother,Animation
10/26/2021 0:28:46,Family Guy,Action
10/26/2021 0:29:46,New Girl,Family
10/26/2021 0:30:46,The Office,Crime
10/26/2021 0:31:46,Friends,Drama
10/26/2021 0:32:46,Breaking Bad,Sport
10/26/2021 0:33:46,Moderin Family,Comedy
10/26/2021 0:34:46,The Office,Adventure
10/26/2021 0:35:46,Game of Thrones,Animation
10/26/2021 0:36:46,Cobra Kai,Action
10/26/2021 0:37:46,White Collar,Family
10/26/2021 0:38:46,White Collar,Crime
10/26/2021 0:39:46,White Collar,Drama